timestamp,value
2018-02-16T00:00:00Z,0.412825336948496
2018-02-17T00:00:00Z,0.412796524841881
2018-02-18T00:00:00Z,0.412648084515852
2018-02-19T00:00:00Z,0.41264421059548
2018-02-20T00:00:00Z,0.412286620992449
2018-02-21T00:00:00Z,0.412356371385934
2018-02-22T00:00:00Z,0.407568433837699
2018-02-23T00:00:00Z,0.407553237411114
2018-02-24T00:00:00Z,0.407964809060775
2018-02-25T00:00:00Z,0.408179641892683
2018-02-26T00:00:00Z,0.408152918947871
2018-02-27T00:00:00Z,0.408252869493475
2018-02-28T00:00:00Z,0.40817780973931
2018-03-01T00:00:00Z,0.407846260407412
2018-03-02T00:00:00Z,0.407827568165724
2018-03-03T00:00:00Z,0.408101676750687
2018-03-04T00:00:00Z,0.408064764390783
2018-03-05T00:00:00Z,0.407998752644417
2018-03-06T00:00:00Z,0.408022304868576
2018-03-07T00:00:00Z,0.408031312089433
2018-03-08T00:00:00Z,0.408016110919701
2018-03-09T00:00:00Z,0.408137250428148
2018-03-10T00:00:00Z,0.408282673099483
2018-03-11T00:00:00Z,0.408246885490802
2018-03-12T00:00:00Z,0.408162408126781
2018-03-13T00:00:00Z,0.408028956731989
2018-03-14T00:00:00Z,0.408068011611895
2018-03-15T00:00:00Z,0.408030023170916
2018-03-16T00:00:00Z,0.407894817960839
2018-03-17T00:00:00Z,0.407807068249615
2018-03-18T00:00:00Z,0.407826662498364
2018-03-19T00:00:00Z,0.407840632290527
2018-03-20T00:00:00Z,0.408060817026356
2018-03-21T00:00:00Z,0.408184864041477
2018-03-22T00:00:00Z,0.40826884694797
2018-03-23T00:00:00Z,0.408430776354945
2018-03-24T00:00:00Z,0.408548754779983
2018-03-25T00:00:00Z,0.408641593639108
2018-03-26T00:00:00Z,0.408921478120913
2018-03-27T00:00:00Z,0.408947256908021
2018-03-28T00:00:00Z,0.410277857962558
2018-03-29T00:00:00Z,0.410198108822394
2018-03-30T00:00:00Z,0.410348037832633
2018-03-31T00:00:00Z,0.410722181941016
2018-04-01T00:00:00Z,0.410946057640932
2018-04-02T00:00:00Z,0.411115161095411
2018-04-03T00:00:00Z,0.411242266976093
2018-04-04T00:00:00Z,0.411286248425702
2018-04-05T00:00:00Z,0.411254432093857
2018-04-06T00:00:00Z,0.411571355520233
2018-04-07T00:00:00Z,0.411601949071745
2018-04-08T00:00:00Z,0.411586243085182
2018-04-09T00:00:00Z,0.411651930997116
2018-04-10T00:00:00Z,0.411785397727016
2018-04-11T00:00:00Z,0.411445928371842
2018-04-12T00:00:00Z,0.411329954585457
2018-04-13T00:00:00Z,0.411150343821575
2018-04-14T00:00:00Z,0.41110468546325
2018-04-15T00:00:00Z,0.411881438831384
2018-04-16T00:00:00Z,0.411944897596426
2018-04-17T00:00:00Z,0.412121680076016
2018-04-18T00:00:00Z,0.411905435522228
2018-04-19T00:00:00Z,0.409949955062847
2018-04-20T00:00:00Z,0.410449513174428
2018-04-21T00:00:00Z,0.41020804474105
2018-04-22T00:00:00Z,0.409960652539585
2018-04-23T00:00:00Z,0.40993988458463
2018-04-24T00:00:00Z,0.409792255721431
2018-04-25T00:00:00Z,0.410077317874702
2018-04-26T00:00:00Z,0.409163175628239
2018-04-27T00:00:00Z,0.409224446163471
2018-04-28T00:00:00Z,0.410049133707352
2018-04-29T00:00:00Z,0.41035821952944
2018-04-30T00:00:00Z,0.410595798717642
2018-05-01T00:00:00Z,0.410821866444258
2018-05-02T00:00:00Z,0.410446810174751
2018-05-03T00:00:00Z,0.410521342126379
2018-05-04T00:00:00Z,0.41069552576185
2018-05-05T00:00:00Z,0.410858169605679
2018-05-06T00:00:00Z,0.410828057229856
2018-05-07T00:00:00Z,0.410790025457075
2018-05-08T00:00:00Z,0.410818721219059
2018-05-09T00:00:00Z,0.410975712123558
2018-05-10T00:00:00Z,0.410612781995215
2018-05-11T00:00:00Z,0.410862295585321
2018-05-12T00:00:00Z,0.41132488867612
2018-05-13T00:00:00Z,0.411432895503793
2018-05-14T00:00:00Z,0.409547703658948
2018-05-15T00:00:00Z,0.409767361973965
2018-05-16T00:00:00Z,0.409782253748384
2018-05-17T00:00:00Z,0.407966789874506
2018-05-18T00:00:00Z,0.407966418081964
2018-05-19T00:00:00Z,0.408136506846672
2018-05-20T00:00:00Z,0.408295587834958
2018-05-21T00:00:00Z,0.408290125734926
2018-05-22T00:00:00Z,0.40891055158282
2018-05-23T00:00:00Z,0.409265213861204
2018-05-24T00:00:00Z,0.409005011288517
2018-05-25T00:00:00Z,0.410338825592394
2018-05-26T00:00:00Z,0.410569194446936
2018-05-27T00:00:00Z,0.41069831394765
2018-05-28T00:00:00Z,0.410915181327611
2018-05-29T00:00:00Z,0.41134224366294
2018-05-30T00:00:00Z,0.411638141316202
2018-05-31T00:00:00Z,0.411776690280507
2018-06-01T00:00:00Z,0.412264483721142
2018-06-02T00:00:00Z,0.41246073490894
2018-06-03T00:00:00Z,0.412454361024833
2018-06-04T00:00:00Z,0.412532099340814
2018-06-05T00:00:00Z,0.412658481978743
2018-06-06T00:00:00Z,0.413005619172475
2018-06-07T00:00:00Z,0.413242581956091
2018-06-08T00:00:00Z,0.413622859662621
2018-06-09T00:00:00Z,0.41410498922225
2018-06-10T00:00:00Z,0.414360802740175
2018-06-11T00:00:00Z,0.414547897759457
2018-06-12T00:00:00Z,0.415571605749699
2018-06-13T00:00:00Z,0.417400443273678
2018-06-14T00:00:00Z,0.417844553733303
2018-06-15T00:00:00Z,0.418182122456227
2018-06-16T00:00:00Z,0.418313919717491
2018-06-17T00:00:00Z,0.418810648950152
2018-06-18T00:00:00Z,0.418909799355462
2018-06-19T00:00:00Z,0.419250860440936
2018-06-20T00:00:00Z,0.419782953736326
2018-06-21T00:00:00Z,0.419329233987256
2018-06-22T00:00:00Z,0.419671459945857
2018-06-23T00:00:00Z,0.42001984451219
2018-06-24T00:00:00Z,0.42012723007567
2018-06-25T00:00:00Z,0.420125828846184
2018-06-26T00:00:00Z,0.420325586475574
2018-06-27T00:00:00Z,0.420568369047515
2018-06-28T00:00:00Z,0.420928158681252
2018-06-29T00:00:00Z,0.421091141210133
2018-06-30T00:00:00Z,0.421169257216703
2018-07-01T00:00:00Z,0.422526163828614
2018-07-02T00:00:00Z,0.423063676360226
2018-07-03T00:00:00Z,0.423612116277349
2018-07-04T00:00:00Z,0.4235695538438
2018-07-05T00:00:00Z,0.423975540817825
2018-07-06T00:00:00Z,0.424473464063981
2018-07-07T00:00:00Z,0.425167631304585
2018-07-08T00:00:00Z,0.425501321937611
2018-07-09T00:00:00Z,0.42569239728705
2018-07-10T00:00:00Z,0.42577336656459
2018-07-11T00:00:00Z,0.426053263909598
2018-07-12T00:00:00Z,0.42631545815006
2018-07-13T00:00:00Z,0.426488930021465
2018-07-14T00:00:00Z,0.426704911504226
2018-07-15T00:00:00Z,0.426794971083802
2018-07-16T00:00:00Z,0.426781142275337
2018-07-17T00:00:00Z,0.42693824087058
2018-07-18T00:00:00Z,0.427179563823101
2018-07-19T00:00:00Z,0.427088606876748
2018-07-20T00:00:00Z,0.427179487889446
2018-07-21T00:00:00Z,0.427366858093128
2018-07-22T00:00:00Z,0.427683129591912
2018-07-23T00:00:00Z,0.427729432216422
2018-07-24T00:00:00Z,0.428065817653019
2018-07-25T00:00:00Z,0.428271220480374
2018-07-26T00:00:00Z,0.428633333760589
2018-07-27T00:00:00Z,0.429074953989889
2018-07-28T00:00:00Z,0.430095648969808
2018-07-29T00:00:00Z,0.432950863333898
2018-07-30T00:00:00Z,0.438874541096738
2018-07-31T00:00:00Z,0.441997998429751
2018-08-01T00:00:00Z,0.442945176141289
2018-08-02T00:00:00Z,0.447626052323371
2018-08-03T00:00:00Z,0.448909276069586
2018-08-04T00:00:00Z,0.450450247945826
2018-08-05T00:00:00Z,0.452665405052579
2018-08-06T00:00:00Z,0.453245162421706
2018-08-07T00:00:00Z,0.453888659179838
2018-08-08T00:00:00Z,0.456622331823946
2018-08-09T00:00:00Z,0.459185675676573
2018-08-10T00:00:00Z,0.45942897366534
2018-08-11T00:00:00Z,0.460000860376461
2018-08-12T00:00:00Z,0.460944834230546
2018-08-13T00:00:00Z,0.460926623906578
2018-08-14T00:00:00Z,0.461521031565114
2018-08-15T00:00:00Z,0.462342258866496
2018-08-16T00:00:00Z,0.462362422399358
2018-08-17T00:00:00Z,0.463082372533177
2018-08-18T00:00:00Z,0.463822958949116
2018-08-19T00:00:00Z,0.464452471067005
2018-08-20T00:00:00Z,0.464999745701787
2018-08-21T00:00:00Z,0.465295850630378
2018-08-22T00:00:00Z,0.466043251294701
2018-08-23T00:00:00Z,0.466969776843069
2018-08-24T00:00:00Z,0.467364936711481
2018-08-25T00:00:00Z,0.467289634018266
2018-08-26T00:00:00Z,0.467358441179401
2018-08-27T00:00:00Z,0.46778593063199
2018-08-28T00:00:00Z,0.467988237032196
2018-08-29T00:00:00Z,0.468168660734806
2018-08-30T00:00:00Z,0.468309693876368
2018-08-31T00:00:00Z,0.468966152181308
2018-09-01T00:00:00Z,0.469539067895836
2018-09-02T00:00:00Z,0.470023502763273
2018-09-03T00:00:00Z,0.470770611974485
2018-09-04T00:00:00Z,0.471404267840665
2018-09-05T00:00:00Z,0.472164698475588
2018-09-06T00:00:00Z,0.472915244994981
2018-09-07T00:00:00Z,0.473532072973605
2018-09-08T00:00:00Z,0.474177006040282
2018-09-09T00:00:00Z,0.474533337103256
2018-09-10T00:00:00Z,0.474714567972817
2018-09-11T00:00:00Z,0.475815322198678
2018-09-12T00:00:00Z,0.476369468983025
2018-09-13T00:00:00Z,0.476357961556988
2018-09-14T00:00:00Z,0.477126494438373
2018-09-15T00:00:00Z,0.478067739105892
2018-09-16T00:00:00Z,0.478454730025519
2018-09-17T00:00:00Z,0.478804363781459
2018-09-18T00:00:00Z,0.479296202589048
2018-09-19T00:00:00Z,0.47968067544549
2018-09-20T00:00:00Z,0.480197811481912
2018-09-21T00:00:00Z,0.480747595332785
2018-09-22T00:00:00Z,0.48129680100669
2018-09-23T00:00:00Z,0.481350054971573
2018-09-24T00:00:00Z,0.481418104976161
2018-09-25T00:00:00Z,0.481617824816052
2018-09-26T00:00:00Z,0.482236235988013
2018-09-27T00:00:00Z,0.482558728614688
2018-09-28T00:00:00Z,0.482263823296352
2018-09-29T00:00:00Z,0.48246658888747
2018-09-30T00:00:00Z,0.482495597773497
2018-10-01T00:00:00Z,0.482586950673956
2018-10-02T00:00:00Z,0.482790718424516
2018-10-03T00:00:00Z,0.483137967989764
2018-10-04T00:00:00Z,0.483392555168042
2018-10-05T00:00:00Z,0.483565333408371
2018-10-06T00:00:00Z,0.48405259299731
2018-10-07T00:00:00Z,0.484404518297461
2018-10-08T00:00:00Z,0.484577379089818
2018-10-09T00:00:00Z,0.485172869695093
2018-10-10T00:00:00Z,0.486139024085856
2018-10-11T00:00:00Z,0.486545968237151
2018-10-12T00:00:00Z,0.486983527695826
2018-10-13T00:00:00Z,0.48724902312116
2018-10-14T00:00:00Z,0.487547303727883
2018-10-15T00:00:00Z,0.48822321704588
2018-10-16T00:00:00Z,0.488977166313757
2018-10-17T00:00:00Z,0.489744837055493
2018-10-18T00:00:00Z,0.490474286619986
2018-10-19T00:00:00Z,0.490855366919888
2018-10-20T00:00:00Z,0.491296627230465
2018-10-21T00:00:00Z,0.491587967622845
2018-10-22T00:00:00Z,0.492058624966692
2018-10-23T00:00:00Z,0.49437616958391
2018-10-24T00:00:00Z,0.496292127079197
2018-10-25T00:00:00Z,0.497466747837245
2018-10-26T00:00:00Z,0.497835913901289
2018-10-27T00:00:00Z,0.49842293401273
2018-10-28T00:00:00Z,0.498581300010964
2018-10-29T00:00:00Z,0.498812339203817
2018-10-30T00:00:00Z,0.499219823822781
2018-10-31T00:00:00Z,0.499860702275028
2018-11-01T00:00:00Z,0.500675984092138
2018-11-02T00:00:00Z,0.502058793473865
2018-11-03T00:00:00Z,0.502917544860966
2018-11-04T00:00:00Z,0.503397375550702
2018-11-05T00:00:00Z,0.504660327083456
2018-11-06T00:00:00Z,0.505510153493212
2018-11-07T00:00:00Z,0.506280460017022
2018-11-08T00:00:00Z,0.506830876288675
2018-11-09T00:00:00Z,0.507345180539052
2018-11-10T00:00:00Z,0.508060926158512
2018-11-11T00:00:00Z,0.508394258911721
2018-11-12T00:00:00Z,0.510601707405493
2018-11-13T00:00:00Z,0.512234359514026
2018-11-14T00:00:00Z,0.512611823234066
2018-11-15T00:00:00Z,0.513570327804749
2018-11-16T00:00:00Z,0.514223227114207
2018-11-17T00:00:00Z,0.516036163644316
2018-11-18T00:00:00Z,0.517704869299052
2018-11-19T00:00:00Z,0.517892390657661
2018-11-20T00:00:00Z,0.518235662038941
2018-11-21T00:00:00Z,0.51952175260096
2018-11-22T00:00:00Z,0.520271220474757
2018-11-23T00:00:00Z,0.520692383548687
2018-11-24T00:00:00Z,0.52099261945393
2018-11-25T00:00:00Z,0.521360956076481
2018-11-26T00:00:00Z,0.522156949189598
2018-11-27T00:00:00Z,0.522847891843549
2018-11-28T00:00:00Z,0.52326351773292
2018-11-29T00:00:00Z,0.523083306288266
2018-11-30T00:00:00Z,0.518381263133203
2018-12-01T00:00:00Z,0.516158189439739
2018-12-02T00:00:00Z,0.5173937593731
2018-12-03T00:00:00Z,0.512025511261626
2018-12-04T00:00:00Z,0.498103180062044
2018-12-05T00:00:00Z,0.494761010370606
2018-12-06T00:00:00Z,0.492034287914747
2018-12-07T00:00:00Z,0.493784717154394
2018-12-08T00:00:00Z,0.495300433164317
2018-12-09T00:00:00Z,0.496191122184106
2018-12-10T00:00:00Z,0.496703785107661
2018-12-11T00:00:00Z,0.49770933917516
2018-12-12T00:00:00Z,0.500172425811335
2018-12-13T00:00:00Z,0.503566356263189
2018-12-14T00:00:00Z,0.504638732462442
2018-12-15T00:00:00Z,0.505429606564625
2018-12-16T00:00:00Z,0.506323482070459
2018-12-17T00:00:00Z,0.507529346541812
2018-12-18T00:00:00Z,0.507805028456403
2018-12-19T00:00:00Z,0.508309417942507
2018-12-20T00:00:00Z,0.509721701476292
2018-12-21T00:00:00Z,0.510576550430819
2018-12-22T00:00:00Z,0.511622984665515
2018-12-23T00:00:00Z,0.512425316309898
2018-12-24T00:00:00Z,0.513231793120219
2018-12-25T00:00:00Z,0.513793325021366
2018-12-26T00:00:00Z,0.514586647691304
2018-12-27T00:00:00Z,0.515860996964795
2018-12-28T00:00:00Z,0.516541487926945
2018-12-29T00:00:00Z,0.517532927769682
2018-12-30T00:00:00Z,0.523321004136285
2018-12-31T00:00:00Z,0.527245572029594
2019-01-01T00:00:00Z,0.528505757418891
2019-01-02T00:00:00Z,0.529612583416781
2019-01-03T00:00:00Z,0.530269927735008
2019-01-04T00:00:00Z,0.531504233708832
2019-01-05T00:00:00Z,0.532467356300675
2019-01-06T00:00:00Z,0.533190509951947
2019-01-07T00:00:00Z,0.537678457465759
2019-01-08T00:00:00Z,0.538186675199858
2019-01-09T00:00:00Z,0.538853229244632
2019-01-10T00:00:00Z,0.538278073531844
2019-01-11T00:00:00Z,0.532675010296797
2019-01-12T00:00:00Z,0.533868826981753
2019-01-13T00:00:00Z,0.5342240324398
2019-01-14T00:00:00Z,0.534404940154672
2019-01-15T00:00:00Z,0.531427426328293
2019-01-16T00:00:00Z,0.531813636278671
2019-01-17T00:00:00Z,0.533436793729178
2019-01-18T00:00:00Z,0.534321575463669
2019-01-19T00:00:00Z,0.535183378388407
2019-01-20T00:00:00Z,0.535996124897067
2019-01-21T00:00:00Z,0.535774689708072
2019-01-22T00:00:00Z,0.536140559211789
2019-01-23T00:00:00Z,0.537024529124712
2019-01-24T00:00:00Z,0.537692872467709
2019-01-25T00:00:00Z,0.538298924150772
2019-01-26T00:00:00Z,0.541238960577079
2019-01-27T00:00:00Z,0.542101370204088
2019-01-28T00:00:00Z,0.542645258081727
2019-01-29T00:00:00Z,0.543543872416339
2019-01-30T00:00:00Z,0.543057229696757
2019-01-31T00:00:00Z,0.543735405824293
2019-02-01T00:00:00Z,0.544655627392702
2019-02-02T00:00:00Z,0.545673262705871
2019-02-03T00:00:00Z,0.546337959758409
2019-02-04T00:00:00Z,0.548490242752111
2019-02-05T00:00:00Z,0.549408977568559
2019-02-06T00:00:00Z,0.550129399046047
2019-02-07T00:00:00Z,0.550453076673392
2019-02-08T00:00:00Z,0.551752912508444
2019-02-09T00:00:00Z,0.553207737383155
2019-02-10T00:00:00Z,0.553639171562944
2019-02-11T00:00:00Z,0.554026798164082
2019-02-12T00:00:00Z,0.554971167490474
2019-02-13T00:00:00Z,0.555251482550566
2019-02-14T00:00:00Z,0.556166807877263
2019-02-15T00:00:00Z,0.557467599948829
2019-02-16T00:00:00Z,0.558071477401106
2019-02-17T00:00:00Z,0.558590874983296
2019-02-18T00:00:00Z,0.558667686253982
2019-02-19T00:00:00Z,0.558862687308235
2019-02-20T00:00:00Z,0.558814435192751
2019-02-21T00:00:00Z,0.558996762907094
2019-02-22T00:00:00Z,0.564821899628164
2019-02-23T00:00:00Z,0.565146668599315
2019-02-24T00:00:00Z,0.565228551961504
2019-02-25T00:00:00Z,0.565173674068276
2019-02-26T00:00:00Z,0.565795251918329
2019-02-27T00:00:00Z,0.566103083343584
2019-02-28T00:00:00Z,0.563917995571633
2019-03-01T00:00:00Z,0.564695958605799
2019-03-02T00:00:00Z,0.564847559826134
2019-03-03T00:00:00Z,0.565247040900143
2019-03-04T00:00:00Z,0.565905158604227
2019-03-05T00:00:00Z,0.568467678486485
2019-03-06T00:00:00Z,0.568823119839668
2019-03-07T00:00:00Z,0.569368647053017
2019-03-08T00:00:00Z,0.569826968274574
2019-03-09T00:00:00Z,0.570420732830917
2019-03-10T00:00:00Z,0.570472174479183
2019-03-11T00:00:00Z,0.57105386431905
2019-03-12T00:00:00Z,0.571068013730634
2019-03-13T00:00:00Z,0.572202578769342
2019-03-14T00:00:00Z,0.572475523193493
2019-03-15T00:00:00Z,0.572643019043325
2019-03-16T00:00:00Z,0.573271474720045
2019-03-17T00:00:00Z,0.57352608504196
2019-03-18T00:00:00Z,0.573805092089772
2019-03-19T00:00:00Z,0.574358926968974
2019-03-20T00:00:00Z,0.57455716277094
2019-03-21T00:00:00Z,0.57424554801225
2019-03-22T00:00:00Z,0.574643881839832
2019-03-23T00:00:00Z,0.574971250539031
2019-03-24T00:00:00Z,0.575097619788121
2019-03-25T00:00:00Z,0.575193040049998
2019-03-26T00:00:00Z,0.575094074887777
2019-03-27T00:00:00Z,0.575690325316259
2019-03-28T00:00:00Z,0.575849850720227
2019-03-29T00:00:00Z,0.574821905501377
2019-03-30T00:00:00Z,0.576027827676443
2019-03-31T00:00:00Z,0.575804084412727
2019-04-01T00:00:00Z,0.576119264968663
2019-04-02T00:00:00Z,0.575897641293039
2019-04-03T00:00:00Z,0.57544759771181
2019-04-04T00:00:00Z,0.57560561164524
2019-04-05T00:00:00Z,0.575552471108072
2019-04-06T00:00:00Z,0.575661870444859
2019-04-07T00:00:00Z,0.575868499262852
2019-04-08T00:00:00Z,0.576380096743078
2019-04-09T00:00:00Z,0.576631822912586
2019-04-10T00:00:00Z,0.577199285453601
2019-04-11T00:00:00Z,0.577303234897943
2019-04-12T00:00:00Z,0.577330373730331
2019-04-13T00:00:00Z,0.577590967390767
2019-04-14T00:00:00Z,0.57553934379941
2019-04-15T00:00:00Z,0.575729350095426
2019-04-16T00:00:00Z,0.575989323935534
2019-04-17T00:00:00Z,0.575997015725241
2019-04-18T00:00:00Z,0.575964512292886
2019-04-19T00:00:00Z,0.57597970921439
2019-04-20T00:00:00Z,0.577505532319716
2019-04-21T00:00:00Z,0.577856300303347
2019-04-22T00:00:00Z,0.57723284377392
2019-04-23T00:00:00Z,0.577631558662502
2019-04-24T00:00:00Z,0.57871074812387
2019-04-25T00:00:00Z,0.578849698912133
2019-04-26T00:00:00Z,0.578288372234242
2019-04-27T00:00:00Z,0.578396504252537
2019-04-28T00:00:00Z,0.579631363557239
2019-04-29T00:00:00Z,0.579450995611401
2019-04-30T00:00:00Z,0.579921674639947
2019-05-01T00:00:00Z,0.577127834669598
2019-05-02T00:00:00Z,0.578136082806118
2019-05-03T00:00:00Z,0.578137672309888
2019-05-04T00:00:00Z,0.578540094220747
2019-05-05T00:00:00Z,0.578625771623846
2019-05-06T00:00:00Z,0.578505006644518
2019-05-07T00:00:00Z,0.5782208024861
2019-05-08T00:00:00Z,0.578256245909283
2019-05-09T00:00:00Z,0.577892037352325
2019-05-10T00:00:00Z,0.577618646562838
2019-05-11T00:00:00Z,0.57746738425703
2019-05-12T00:00:00Z,0.577350967195606
2019-05-13T00:00:00Z,0.576529034976603
2019-05-14T00:00:00Z,0.577322335497182
2019-05-15T00:00:00Z,0.577558771891318
2019-05-16T00:00:00Z,0.577329820755485
2019-05-17T00:00:00Z,0.579650605059642
2019-05-18T00:00:00Z,0.579688657581106
2019-05-19T00:00:00Z,0.579458441424294
2019-05-20T00:00:00Z,0.578826288054538
2019-05-21T00:00:00Z,0.578144175010733
2019-05-22T00:00:00Z,0.577650512594935
2019-05-23T00:00:00Z,0.578175577231611
2019-05-24T00:00:00Z,0.578724448484839
2019-05-25T00:00:00Z,0.578645491156637
2019-05-26T00:00:00Z,0.578363197315051
2019-05-27T00:00:00Z,0.578062310457994
2019-05-28T00:00:00Z,0.577791844351843
2019-05-29T00:00:00Z,0.577938278974581
2019-05-30T00:00:00Z,0.578230775061944
2019-05-31T00:00:00Z,0.578258349693784
2019-06-01T00:00:00Z,0.578330963298292
2019-06-02T00:00:00Z,0.578291743411043
2019-06-03T00:00:00Z,0.576758004150001
2019-06-04T00:00:00Z,0.57453470553174
2019-06-05T00:00:00Z,0.572148695474984
2019-06-06T00:00:00Z,0.572205071721263
2019-06-07T00:00:00Z,0.572373705104073
2019-06-08T00:00:00Z,0.573122405334835
2019-06-09T00:00:00Z,0.573055864188528
2019-06-10T00:00:00Z,0.573069221423351
2019-06-11T00:00:00Z,0.573345446620154
2019-06-12T00:00:00Z,0.57324968048844
2019-06-13T00:00:00Z,0.57387472219582
2019-06-14T00:00:00Z,0.57312209048271
2019-06-15T00:00:00Z,0.573357458899364
2019-06-16T00:00:00Z,0.57300514305537
2019-06-17T00:00:00Z,0.573209280855291
2019-06-18T00:00:00Z,0.573121255790933
2019-06-19T00:00:00Z,0.572294912815709
2019-06-20T00:00:00Z,0.572428281178439
2019-06-21T00:00:00Z,0.572394811613121
2019-06-22T00:00:00Z,0.571957131741654
2019-06-23T00:00:00Z,0.571653338611558
2019-06-24T00:00:00Z,0.57129690339459
2019-06-25T00:00:00Z,0.57035913281682
2019-06-26T00:00:00Z,0.568742173633922
2019-06-27T00:00:00Z,0.56779338608425
2019-06-28T00:00:00Z,0.566129611748534
2019-06-29T00:00:00Z,0.565847756924289
2019-06-30T00:00:00Z,0.564544391521152
2019-07-01T00:00:00Z,0.569154965148318
2019-07-02T00:00:00Z,0.569018622849438
2019-07-03T00:00:00Z,0.568531280533944
2019-07-04T00:00:00Z,0.56753876481388
2019-07-05T00:00:00Z,0.566988714999687
2019-07-06T00:00:00Z,0.567945031380695
2019-07-07T00:00:00Z,0.567787372320628
2019-07-08T00:00:00Z,0.567597677724494
2019-07-09T00:00:00Z,0.567518198058643
2019-07-10T00:00:00Z,0.567570470340046
2019-07-11T00:00:00Z,0.567068458563136
2019-07-12T00:00:00Z,0.56710231307337
2019-07-13T00:00:00Z,0.567042171922556
2019-07-14T00:00:00Z,0.56694414566658
2019-07-15T00:00:00Z,0.566915859285616
2019-07-16T00:00:00Z,0.566904345107127
2019-07-17T00:00:00Z,0.566901617166597
2019-07-18T00:00:00Z,0.566907400858388
2019-07-19T00:00:00Z,0.565708756986956
2019-07-20T00:00:00Z,0.565649877827345
2019-07-21T00:00:00Z,0.565583875925883
2019-07-22T00:00:00Z,0.565614306369196
2019-07-23T00:00:00Z,0.565731913571044
2019-07-24T00:00:00Z,0.564241764296913
2019-07-25T00:00:00Z,0.563917157201415
2019-07-26T00:00:00Z,0.563881687572128
2019-07-27T00:00:00Z,0.563847299029692
2019-07-28T00:00:00Z,0.563869574305392
2019-07-29T00:00:00Z,0.552692565016432
2019-07-30T00:00:00Z,0.553070125265172
2019-07-31T00:00:00Z,0.553362712703728
2019-08-01T00:00:00Z,0.553247900209462
2019-08-02T00:00:00Z,0.55325280284203
2019-08-03T00:00:00Z,0.553427178365592
2019-08-04T00:00:00Z,0.552902686926867
2019-08-05T00:00:00Z,0.550143293000166
2019-08-06T00:00:00Z,0.549473155392677
2019-08-07T00:00:00Z,0.549444719777265
2019-08-08T00:00:00Z,0.549767200842141
2019-08-09T00:00:00Z,0.550730611682447
2019-08-10T00:00:00Z,0.550729719730131
2019-08-11T00:00:00Z,0.550569778651719
2019-08-12T00:00:00Z,0.550558865466856
2019-08-13T00:00:00Z,0.550590041475336
2019-08-14T00:00:00Z,0.550633464281038
2019-08-15T00:00:00Z,0.550734874188518
2019-08-16T00:00:00Z,0.551053964746146
2019-08-17T00:00:00Z,0.551465129070187
2019-08-18T00:00:00Z,0.55146065966392
2019-08-19T00:00:00Z,0.551379736273237
2019-08-20T00:00:00Z,0.551470128985857
2019-08-21T00:00:00Z,0.551707088922375
2019-08-22T00:00:00Z,0.552204929109847
2019-08-23T00:00:00Z,0.552513485374259
2019-08-24T00:00:00Z,0.552619378009713
2019-08-25T00:00:00Z,0.553200171742849
2019-08-26T00:00:00Z,0.553432006821711
2019-08-27T00:00:00Z,0.55361785166962
2019-08-28T00:00:00Z,0.554748589428632
2019-08-29T00:00:00Z,0.555419407381949
2019-08-30T00:00:00Z,0.555996770660314
2019-08-31T00:00:00Z,0.556144954562711
2019-09-01T00:00:00Z,0.55627849315405
2019-09-02T00:00:00Z,0.556248749317058
2019-09-03T00:00:00Z,0.556166652813183
2019-09-04T00:00:00Z,0.556001060995725
2019-09-05T00:00:00Z,0.555634152168089
2019-09-06T00:00:00Z,0.550381972692042
2019-09-07T00:00:00Z,0.550523315185825
2019-09-08T00:00:00Z,0.550451999577577
2019-09-09T00:00:00Z,0.550239520411046
2019-09-10T00:00:00Z,0.550290668192438
2019-09-11T00:00:00Z,0.55058669695812
2019-09-12T00:00:00Z,0.550434219419214
2019-09-13T00:00:00Z,0.550738966840636
2019-09-14T00:00:00Z,0.550783939154823
2019-09-15T00:00:00Z,0.550804142448618
2019-09-16T00:00:00Z,0.550816754983132
2019-09-17T00:00:00Z,0.550866199488224
2019-09-18T00:00:00Z,0.550268472768148
2019-09-19T00:00:00Z,0.550461358322813
2019-09-20T00:00:00Z,0.550451552387474
2019-09-21T00:00:00Z,0.550461034636386
2019-09-22T00:00:00Z,0.55092108960309
2019-09-23T00:00:00Z,0.550784011561752
2019-09-24T00:00:00Z,0.549476067768132
2019-09-25T00:00:00Z,0.549565127818991
2019-09-26T00:00:00Z,0.549518241868095
2019-09-27T00:00:00Z,0.549495204245528
2019-09-28T00:00:00Z,0.549701279845784
2019-09-29T00:00:00Z,0.549901547362417
2019-09-30T00:00:00Z,0.549927048519272
2019-10-01T00:00:00Z,0.550176784384295
2019-10-02T00:00:00Z,0.550302168533173
2019-10-03T00:00:00Z,0.550379028167972
2019-10-04T00:00:00Z,0.550463753031748
2019-10-05T00:00:00Z,0.550564689734492
2019-10-06T00:00:00Z,0.550585461362391
2019-10-07T00:00:00Z,0.550359589080432
2019-10-08T00:00:00Z,0.549897523013771
2019-10-09T00:00:00Z,0.549999674451119
2019-10-10T00:00:00Z,0.550423936079995
2019-10-11T00:00:00Z,0.550645791694267
2019-10-12T00:00:00Z,0.55076497670107
2019-10-13T00:00:00Z,0.550753384999824
2019-10-14T00:00:00Z,0.545732332045347
2019-10-15T00:00:00Z,0.545589271476419
2019-10-16T00:00:00Z,0.545597487200375
2019-10-17T00:00:00Z,0.545742756232246
2019-10-18T00:00:00Z,0.5453635427374
2019-10-19T00:00:00Z,0.545533947827598
2019-10-20T00:00:00Z,0.545471728806181
2019-10-21T00:00:00Z,0.543831687090337
2019-10-22T00:00:00Z,0.544384016992922
2019-10-23T00:00:00Z,0.544853970875949
2019-10-24T00:00:00Z,0.54479428664471
2019-10-25T00:00:00Z,0.544399738019849
2019-10-26T00:00:00Z,0.546103091891845
2019-10-27T00:00:00Z,0.545951174780283
2019-10-28T00:00:00Z,0.545561362940467
2019-10-29T00:00:00Z,0.545374587886226
2019-10-30T00:00:00Z,0.545433275404471
2019-10-31T00:00:00Z,0.546642585156407
2019-11-01T00:00:00Z,0.544910174721595
2019-11-02T00:00:00Z,0.545070716663541
2019-11-03T00:00:00Z,0.545024147999447
2019-11-04T00:00:00Z,0.545054799758576
2019-11-05T00:00:00Z,0.544133980489967
2019-11-06T00:00:00Z,0.542974485926287
2019-11-07T00:00:00Z,0.542793749105215
2019-11-08T00:00:00Z,0.542807225818868
2019-11-09T00:00:00Z,0.543210072109982
2019-11-10T00:00:00Z,0.543335472470757
2019-11-11T00:00:00Z,0.543158692987019
2019-11-12T00:00:00Z,0.543084652221136
2019-11-13T00:00:00Z,0.541792694322066
2019-11-14T00:00:00Z,0.542234612668188
2019-11-15T00:00:00Z,0.542336286640134
2019-11-16T00:00:00Z,0.542622628068487
2019-11-17T00:00:00Z,0.542640065576415
2019-11-18T00:00:00Z,0.541788129080353
2019-11-19T00:00:00Z,0.542361390100172
2019-11-20T00:00:00Z,0.542752507275514
2019-11-21T00:00:00Z,0.542704784899467
2019-11-22T00:00:00Z,0.542396720261131
2019-11-23T00:00:00Z,0.541827795650221
2019-11-24T00:00:00Z,0.541314397587305
2019-11-25T00:00:00Z,0.541199356311602
2019-11-26T00:00:00Z,0.541108781010691
2019-11-27T00:00:00Z,0.543120086614963
2019-11-28T00:00:00Z,0.543649675697303
2019-11-29T00:00:00Z,0.543772672272124
2019-11-30T00:00:00Z,0.548647098416114
2019-12-01T00:00:00Z,0.551795273624813
2019-12-02T00:00:00Z,0.551668381694472
2019-12-03T00:00:00Z,0.556986719644735
2019-12-04T00:00:00Z,0.572820573484492
2019-12-05T00:00:00Z,0.582205073229071
2019-12-06T00:00:00Z,0.588973319261259
2019-12-07T00:00:00Z,0.589373011146414
2019-12-08T00:00:00Z,0.589409999622718
2019-12-09T00:00:00Z,0.589290564760969
2019-12-10T00:00:00Z,0.589523785581125
2019-12-11T00:00:00Z,0.589569734623073
2019-12-12T00:00:00Z,0.589586206945757
2019-12-13T00:00:00Z,0.589701189601452
2019-12-14T00:00:00Z,0.589847896500861
2019-12-15T00:00:00Z,0.589811178696467
2019-12-16T00:00:00Z,0.589710148637022
2019-12-17T00:00:00Z,0.58963799938356
2019-12-18T00:00:00Z,0.59005579493657
2019-12-19T00:00:00Z,0.590162593832119
2019-12-20T00:00:00Z,0.58939386405885
2019-12-21T00:00:00Z,0.589601778565541
2019-12-22T00:00:00Z,0.589665834128606
2019-12-23T00:00:00Z,0.589506421898669
2019-12-24T00:00:00Z,0.5895290159247
2019-12-25T00:00:00Z,0.589503188776464
2019-12-26T00:00:00Z,0.58866117332392
2019-12-27T00:00:00Z,0.588683049274521
2019-12-28T00:00:00Z,0.588788909049922
2019-12-29T00:00:00Z,0.588862922526472
2019-12-30T00:00:00Z,0.588795706800804
2019-12-31T00:00:00Z,0.588825333685042
2020-01-01T00:00:00Z,0.588867692538306
2020-01-02T00:00:00Z,0.588501715031467
2020-01-03T00:00:00Z,0.588556863452106
2020-01-04T00:00:00Z,0.588665097482264
2020-01-05T00:00:00Z,0.588593376946114
2020-01-06T00:00:00Z,0.588682362738485
2020-01-07T00:00:00Z,0.588595902639955
2020-01-08T00:00:00Z,0.588563330997404
2020-01-09T00:00:00Z,0.588417886424325
2020-01-10T00:00:00Z,0.588382771541353
2020-01-11T00:00:00Z,0.58847541776068
2020-01-12T00:00:00Z,0.58847128081519
2020-01-13T00:00:00Z,0.58832991961703
2020-01-14T00:00:00Z,0.58971319242841
2020-01-15T00:00:00Z,0.59320620372339
2020-01-16T00:00:00Z,0.593441076923738
2020-01-17T00:00:00Z,0.593913787953289
2020-01-18T00:00:00Z,0.593913637323844
2020-01-19T00:00:00Z,0.593967734631865
2020-01-20T00:00:00Z,0.59397520300151
2020-01-21T00:00:00Z,0.594929805163314
2020-01-22T00:00:00Z,0.59481479289974
2020-01-23T00:00:00Z,0.594297230068054
2020-01-24T00:00:00Z,0.593982081141393
2020-01-25T00:00:00Z,0.59430090930145
2020-01-26T00:00:00Z,0.594203742833436
2020-01-27T00:00:00Z,0.59409736812638
2020-01-28T00:00:00Z,0.594116755145767
2020-01-29T00:00:00Z,0.593597242494762
2020-01-30T00:00:00Z,0.593487422855471
2020-01-31T00:00:00Z,0.593040459844383
2020-02-01T00:00:00Z,0.594369109115911
2020-02-02T00:00:00Z,0.593732547223711
2020-02-03T00:00:00Z,0.589282149622459
2020-02-04T00:00:00Z,0.589283095306343
2020-02-05T00:00:00Z,0.589197368131766
2020-02-06T00:00:00Z,0.588950789778573
2020-02-07T00:00:00Z,0.584232969489393
2020-02-08T00:00:00Z,0.584329299715135
2020-02-09T00:00:00Z,0.584069152931959
2020-02-10T00:00:00Z,0.582856992028185
2020-02-11T00:00:00Z,0.582800356298168
2020-02-12T00:00:00Z,0.582903917493267
2020-02-13T00:00:00Z,0.58269449736194
2020-02-14T00:00:00Z,0.582908776433861
2020-02-15T00:00:00Z,0.582898780649407
2020-02-16T00:00:00Z,0.583833511548506
2020-02-17T00:00:00Z,0.583898252294114
2020-02-18T00:00:00Z,0.583781106864436
2020-02-19T00:00:00Z,0.583292562608367
2020-02-20T00:00:00Z,0.583495233294652
2020-02-21T00:00:00Z,0.584639294176937
2020-02-22T00:00:00Z,0.584761937407278
2020-02-23T00:00:00Z,0.584681216774308
2020-02-24T00:00:00Z,0.584797219642031
2020-02-25T00:00:00Z,0.585193573555079
2020-02-26T00:00:00Z,0.5850963397813
2020-02-27T00:00:00Z,0.585176349223987
2020-02-28T00:00:00Z,0.588688731681551
2020-02-29T00:00:00Z,0.588784641271068
2020-03-01T00:00:00Z,0.588621527215583
2020-03-02T00:00:00Z,0.587977608705653
2020-03-03T00:00:00Z,0.587286513119118
2020-03-04T00:00:00Z,0.587517792643937
2020-03-05T00:00:00Z,0.587524590733288
2020-03-06T00:00:00Z,0.587577422671627
2020-03-07T00:00:00Z,0.587632210146177
2020-03-08T00:00:00Z,0.587652587119014
2020-03-09T00:00:00Z,0.587142556058462
2020-03-10T00:00:00Z,0.586934029309085
2020-03-11T00:00:00Z,0.587127820654923
2020-03-12T00:00:00Z,0.58608942480956
2020-03-13T00:00:00Z,0.585446206938046
2020-03-14T00:00:00Z,0.585189119142041
2020-03-15T00:00:00Z,0.585079406139481
2020-03-16T00:00:00Z,0.584369248783705
2020-03-17T00:00:00Z,0.58418067586706
2020-03-18T00:00:00Z,0.584161859880547
2020-03-19T00:00:00Z,0.584028784582402
2020-03-20T00:00:00Z,0.584033358388705
2020-03-21T00:00:00Z,0.585190393106769
2020-03-22T00:00:00Z,0.585088513154465
2020-03-23T00:00:00Z,0.5848510163305
2020-03-24T00:00:00Z,0.584881229285049
2020-03-25T00:00:00Z,0.584547368135399
2020-03-26T00:00:00Z,0.584085223877731
2020-03-27T00:00:00Z,0.583920545140175
2020-03-28T00:00:00Z,0.584003702433232
2020-03-29T00:00:00Z,0.583916565781845
2020-03-30T00:00:00Z,0.583886541004069
2020-03-31T00:00:00Z,0.583937446912742
2020-04-01T00:00:00Z,0.584389510972354
2020-04-02T00:00:00Z,0.584566306068266
2020-04-03T00:00:00Z,0.584980449130525
2020-04-04T00:00:00Z,0.585321696375592
2020-04-05T00:00:00Z,0.585388589575268
2020-04-06T00:00:00Z,0.585413492248391
2020-04-07T00:00:00Z,0.58535779893437
2020-04-08T00:00:00Z,0.585384779520832
2020-04-09T00:00:00Z,0.585371918315393
2020-04-10T00:00:00Z,0.585481557692973
2020-04-11T00:00:00Z,0.585584230856732
2020-04-12T00:00:00Z,0.585586588494673
2020-04-13T00:00:00Z,0.585510913858543
2020-04-14T00:00:00Z,0.585712078128258
2020-04-15T00:00:00Z,0.585873511300179
2020-04-16T00:00:00Z,0.585927648778566
2020-04-17T00:00:00Z,0.585944333519441
2020-04-18T00:00:00Z,0.586139842731859
2020-04-19T00:00:00Z,0.586068335171011
2020-04-20T00:00:00Z,0.586002010341368
2020-04-21T00:00:00Z,0.586462915686667
2020-04-22T00:00:00Z,0.586450496492293
2020-04-23T00:00:00Z,0.588718065493587
2020-04-24T00:00:00Z,0.58883401035984
2020-04-25T00:00:00Z,0.589070093280983
2020-04-26T00:00:00Z,0.589031315555403
2020-04-27T00:00:00Z,0.589038306271672
2020-04-28T00:00:00Z,0.589078283153788
2020-04-29T00:00:00Z,0.588454925600213
2020-04-30T00:00:00Z,0.591160620162109
2020-05-01T00:00:00Z,0.591372664008878
2020-05-02T00:00:00Z,0.591733088968026
2020-05-03T00:00:00Z,0.59155898516474
2020-05-04T00:00:00Z,0.591515328862762
2020-05-05T00:00:00Z,0.59167533950403
2020-05-06T00:00:00Z,0.590834491001822
2020-05-07T00:00:00Z,0.589542854641836
2020-05-08T00:00:00Z,0.59039775859506
2020-05-09T00:00:00Z,0.590397772270235
2020-05-10T00:00:00Z,0.590491309924862
2020-05-11T00:00:00Z,0.590058562509361
2020-05-12T00:00:00Z,0.591602580710378
2020-05-13T00:00:00Z,0.592622908532202
2020-05-14T00:00:00Z,0.592926135110027
2020-05-15T00:00:00Z,0.593033056356707
2020-05-16T00:00:00Z,0.593822496290622
2020-05-17T00:00:00Z,0.594147863499304
2020-05-18T00:00:00Z,0.594573241343475
2020-05-19T00:00:00Z,0.595219423659629
2020-05-20T00:00:00Z,0.595616156551916
2020-05-21T00:00:00Z,0.595652507836102
2020-05-22T00:00:00Z,0.595796053384545
2020-05-23T00:00:00Z,0.597432623599309
2020-05-24T00:00:00Z,0.597762618747356
2020-05-25T00:00:00Z,0.59801260687761
2020-05-26T00:00:00Z,0.598234153932346
2020-05-27T00:00:00Z,0.598637229783129
2020-05-28T00:00:00Z,0.599212342997703
2020-05-29T00:00:00Z,0.599536057510985
2020-05-30T00:00:00Z,0.599862654231388
2020-05-31T00:00:00Z,0.59978982671738
2020-06-01T00:00:00Z,0.599722617339764
2020-06-02T00:00:00Z,0.599736354236992
2020-06-03T00:00:00Z,0.599828014950525
2020-06-04T00:00:00Z,0.606280720105568
2020-06-05T00:00:00Z,0.606578925627607
2020-06-06T00:00:00Z,0.606432953050977
2020-06-07T00:00:00Z,0.60642596272736
2020-06-08T00:00:00Z,0.60530866157378
2020-06-09T00:00:00Z,0.605440746381627
2020-06-10T00:00:00Z,0.605518775652518
2020-06-11T00:00:00Z,0.606272294552735
2020-06-12T00:00:00Z,0.606546825044443
2020-06-13T00:00:00Z,0.60674008650955
2020-06-14T00:00:00Z,0.606573353533061
2020-06-15T00:00:00Z,0.606804194712094
2020-06-16T00:00:00Z,0.60754603875807
2020-06-17T00:00:00Z,0.607899847762326
2020-06-18T00:00:00Z,0.609258075104861
2020-06-19T00:00:00Z,0.609398649232299
2020-06-20T00:00:00Z,0.609929602711193
2020-06-21T00:00:00Z,0.610588364844156
2020-06-22T00:00:00Z,0.610853963063204
2020-06-23T00:00:00Z,0.610882797254522
2020-06-24T00:00:00Z,0.611325162242327
2020-06-25T00:00:00Z,0.613293544066071
2020-06-26T00:00:00Z,0.613920518371623
2020-06-27T00:00:00Z,0.615176046314761
2020-06-28T00:00:00Z,0.615362649241913
2020-06-29T00:00:00Z,0.615883796259114
2020-06-30T00:00:00Z,0.616013218516158
2020-07-01T00:00:00Z,0.616211633693981
2020-07-02T00:00:00Z,0.616838385170783
2020-07-03T00:00:00Z,0.617736005363871
2020-07-04T00:00:00Z,0.617944802345772
2020-07-05T00:00:00Z,0.618234023668507
2020-07-06T00:00:00Z,0.618295962089201
2020-07-07T00:00:00Z,0.618510093454658
2020-07-08T00:00:00Z,0.617864279253938
2020-07-09T00:00:00Z,0.618088180296358
2020-07-10T00:00:00Z,0.619590470670846
2020-07-11T00:00:00Z,0.621142646554846
2020-07-12T00:00:00Z,0.621204456063011
2020-07-13T00:00:00Z,0.621418039241163
2020-07-14T00:00:00Z,0.620820129844222
2020-07-15T00:00:00Z,0.620780791555361
2020-07-16T00:00:00Z,0.621043794611501
2020-07-17T00:00:00Z,0.621152422716566
2020-07-18T00:00:00Z,0.623571596009245
2020-07-19T00:00:00Z,0.62372741426203
2020-07-20T00:00:00Z,0.623856237837108
2020-07-21T00:00:00Z,0.623467198587908
2020-07-22T00:00:00Z,0.62308116411111
2020-07-23T00:00:00Z,0.624780867360585
2020-07-24T00:00:00Z,0.624825006384594
2020-07-25T00:00:00Z,0.624854488112558
2020-07-26T00:00:00Z,0.624773901595541
2020-07-27T00:00:00Z,0.624401545204898
2020-07-28T00:00:00Z,0.628158697152615
2020-07-29T00:00:00Z,0.62830597663574
2020-07-30T00:00:00Z,0.627916622385316
2020-07-31T00:00:00Z,0.627777818503302
2020-08-01T00:00:00Z,0.627595120435377
2020-08-02T00:00:00Z,0.627310299973223
2020-08-03T00:00:00Z,0.627495429631333
2020-08-04T00:00:00Z,0.628741952370791
2020-08-05T00:00:00Z,0.631240291367707
2020-08-06T00:00:00Z,0.632338620438983
2020-08-07T00:00:00Z,0.632381951107698
2020-08-08T00:00:00Z,0.632536342203666
2020-08-09T00:00:00Z,0.632525266304552
2020-08-10T00:00:00Z,0.632428864005388
2020-08-11T00:00:00Z,0.63236458696308
2020-08-12T00:00:00Z,0.63163458340227
2020-08-13T00:00:00Z,0.631671898391021
2020-08-14T00:00:00Z,0.631750401697113
2020-08-15T00:00:00Z,0.631876669742488
2020-08-16T00:00:00Z,0.631683345451008
2020-08-17T00:00:00Z,0.630485583673187
2020-08-18T00:00:00Z,0.630587456433688
2020-08-19T00:00:00Z,0.630695876755131
2020-08-20T00:00:00Z,0.630360925543278
2020-08-21T00:00:00Z,0.629723439311404
2020-08-22T00:00:00Z,0.629747245723407
2020-08-23T00:00:00Z,0.62960605390442
2020-08-24T00:00:00Z,0.629701373331398
2020-08-25T00:00:00Z,0.629736252812311
2020-08-26T00:00:00Z,0.629575943690237
2020-08-27T00:00:00Z,0.629613981982289
2020-08-28T00:00:00Z,0.62875248163886
2020-08-29T00:00:00Z,0.628891054869207
2020-08-30T00:00:00Z,0.628853284775078
2020-08-31T00:00:00Z,0.628493835737461
2020-09-01T00:00:00Z,0.628240664257605
2020-09-02T00:00:00Z,0.628172140568033
2020-09-03T00:00:00Z,0.629519944734287
2020-09-04T00:00:00Z,0.629513409015441
2020-09-05T00:00:00Z,0.634489386619019
2020-09-06T00:00:00Z,0.634314060418442
2020-09-07T00:00:00Z,0.634204980950445
2020-09-08T00:00:00Z,0.634161794101622
2020-09-09T00:00:00Z,0.634063694613857
2020-09-10T00:00:00Z,0.634006628752599
2020-09-11T00:00:00Z,0.63385689552851
2020-09-12T00:00:00Z,0.633825756482785
2020-09-13T00:00:00Z,0.633689449559744
2020-09-14T00:00:00Z,0.633628506704043
2020-09-15T00:00:00Z,0.633714797163613
2020-09-16T00:00:00Z,0.633248322957679
2020-09-17T00:00:00Z,0.633012671292138
2020-09-18T00:00:00Z,0.632727680854332
2020-09-19T00:00:00Z,0.632393336151268
2020-09-20T00:00:00Z,0.632235025797865
2020-09-21T00:00:00Z,0.63211930266903
2020-09-22T00:00:00Z,0.632226311448577
2020-09-23T00:00:00Z,0.632803123783646
2020-09-24T00:00:00Z,0.633325987014975
2020-09-25T00:00:00Z,0.633200523715669
2020-09-26T00:00:00Z,0.633297625983626
2020-09-27T00:00:00Z,0.633545437562956
2020-09-28T00:00:00Z,0.633407793096464
2020-09-29T00:00:00Z,0.632660727924599
2020-09-30T00:00:00Z,0.632256018777683
2020-10-01T00:00:00Z,0.632316148166611
2020-10-02T00:00:00Z,0.632197232599078
2020-10-03T00:00:00Z,0.63230898809385
2020-10-04T00:00:00Z,0.632276501434131
2020-10-05T00:00:00Z,0.632282930848294
2020-10-06T00:00:00Z,0.632218283405487
2020-10-07T00:00:00Z,0.632715903554687
2020-10-08T00:00:00Z,0.63264935491573
2020-10-09T00:00:00Z,0.632393037142634
2020-10-10T00:00:00Z,0.632422947395842
2020-10-11T00:00:00Z,0.6323635431603
2020-10-12T00:00:00Z,0.63205058407644
2020-10-13T00:00:00Z,0.632107666494774
2020-10-14T00:00:00Z,0.632227749703164
2020-10-15T00:00:00Z,0.632071995471763
2020-10-16T00:00:00Z,0.632225689110373
2020-10-17T00:00:00Z,0.632595356936839
2020-10-18T00:00:00Z,0.632593983675277
2020-10-19T00:00:00Z,0.630034352211229
2020-10-20T00:00:00Z,0.630492481389111
2020-10-21T00:00:00Z,0.63067227458357
2020-10-22T00:00:00Z,0.629831931952469
2020-10-23T00:00:00Z,0.625136217950265
2020-10-24T00:00:00Z,0.625001417260826
2020-10-25T00:00:00Z,0.624910368934808
2020-10-26T00:00:00Z,0.624847645134914
2020-10-27T00:00:00Z,0.624820948560289
2020-10-28T00:00:00Z,0.624614419967651
2020-10-29T00:00:00Z,0.624042955646595
2020-10-30T00:00:00Z,0.623925127441455
2020-10-31T00:00:00Z,0.62450352414014
2020-11-01T00:00:00Z,0.624302012977375
2020-11-02T00:00:00Z,0.62280976814893
2020-11-03T00:00:00Z,0.619001135219584
2020-11-04T00:00:00Z,0.619502886143883
2020-11-05T00:00:00Z,0.619078176465723
2020-11-06T00:00:00Z,0.618510214159636
2020-11-07T00:00:00Z,0.618252204964145
2020-11-08T00:00:00Z,0.61778541062201
2020-11-09T00:00:00Z,0.617319580021611
2020-11-10T00:00:00Z,0.617146116884452
2020-11-11T00:00:00Z,0.616714432142653
2020-11-12T00:00:00Z,0.616834092370664
2020-11-13T00:00:00Z,0.61649980316775
2020-11-14T00:00:00Z,0.616548297517185
2020-11-15T00:00:00Z,0.616470944777053
2020-11-16T00:00:00Z,0.61609298153044
2020-11-17T00:00:00Z,0.615644009287311
2020-11-18T00:00:00Z,0.614866514212097
2020-11-19T00:00:00Z,0.614477301082057
2020-11-20T00:00:00Z,0.614975547957515
2020-11-21T00:00:00Z,0.615434128398024
2020-11-22T00:00:00Z,0.615494660846683
2020-11-23T00:00:00Z,0.618243168635894
2020-11-24T00:00:00Z,0.617178193160656
2020-11-25T00:00:00Z,0.616871673654902
2020-11-26T00:00:00Z,0.615579222200534
2020-11-27T00:00:00Z,0.6147578943147
2020-11-28T00:00:00Z,0.614994229659878
2020-11-29T00:00:00Z,0.614955781577629
2020-11-30T00:00:00Z,0.614280225351569
2020-12-01T00:00:00Z,0.613753376223108
2020-12-02T00:00:00Z,0.613453498476319
2020-12-03T00:00:00Z,0.612658947883821
2020-12-04T00:00:00Z,0.611968253492966
2020-12-05T00:00:00Z,0.611844938846104
2020-12-06T00:00:00Z,0.611662714572053
2020-12-07T00:00:00Z,0.610777196306389
2020-12-08T00:00:00Z,0.610192761393612
2020-12-09T00:00:00Z,0.610346974163934
2020-12-10T00:00:00Z,0.610044697233736
2020-12-11T00:00:00Z,0.608692596081159
2020-12-12T00:00:00Z,0.607492266211672
2020-12-13T00:00:00Z,0.606417097084267
2020-12-14T00:00:00Z,0.605843235488437
2020-12-15T00:00:00Z,0.605112676289763
2020-12-16T00:00:00Z,0.603996916400823
2020-12-17T00:00:00Z,0.603465068256728
2020-12-18T00:00:00Z,0.602424582873064
2020-12-19T00:00:00Z,0.602001336403532
2020-12-20T00:00:00Z,0.60016022107116
2020-12-21T00:00:00Z,0.599138335887927
2020-12-22T00:00:00Z,0.596983943229154
2020-12-23T00:00:00Z,0.596198387501514
2020-12-24T00:00:00Z,0.596083494549231
2020-12-25T00:00:00Z,0.596005414279593
2020-12-26T00:00:00Z,0.595695298481083
2020-12-27T00:00:00Z,0.595072952288262
2020-12-28T00:00:00Z,0.592564548079422
2020-12-29T00:00:00Z,0.592056829047383
2020-12-30T00:00:00Z,0.591623371814832
2020-12-31T00:00:00Z,0.590885823994209
2021-01-01T00:00:00Z,0.590119503581583
2021-01-02T00:00:00Z,0.586821366752764
2021-01-03T00:00:00Z,0.585652697031087
2021-01-04T00:00:00Z,0.584045825683148
2021-01-05T00:00:00Z,0.583338710114574
2021-01-06T00:00:00Z,0.582551163272426
2021-01-07T00:00:00Z,0.581368968315933
2021-01-08T00:00:00Z,0.580461020467367
2021-01-09T00:00:00Z,0.579161758905448
2021-01-10T00:00:00Z,0.578429297769187
2021-01-11T00:00:00Z,0.577759552823663
2021-01-12T00:00:00Z,0.577264385131088
2021-01-13T00:00:00Z,0.577121225695188
2021-01-14T00:00:00Z,0.57699686417194
2021-01-15T00:00:00Z,0.576186732748578
2021-01-16T00:00:00Z,0.57603573013918
2021-01-17T00:00:00Z,0.57652351208139
2021-01-18T00:00:00Z,0.576137329871987
2021-01-19T00:00:00Z,0.575775615947548
2021-01-20T00:00:00Z,0.575568005075517
2021-01-21T00:00:00Z,0.575384545731104
2021-01-22T00:00:00Z,0.575136783422147
2021-01-23T00:00:00Z,0.575117369437689
2021-01-24T00:00:00Z,0.575006109847985
2021-01-25T00:00:00Z,0.574800398524762
2021-01-26T00:00:00Z,0.574637628174932
2021-01-27T00:00:00Z,0.572741112750048
2021-01-28T00:00:00Z,0.57265669388569
2021-01-29T00:00:00Z,0.572264809879496
2021-01-30T00:00:00Z,0.572000814680278
2021-01-31T00:00:00Z,0.570973905836425
2021-02-01T00:00:00Z,0.570849429350795
2021-02-02T00:00:00Z,0.57072883292614
2021-02-03T00:00:00Z,0.570431828396287
2021-02-04T00:00:00Z,0.57001543181144
2021-02-05T00:00:00Z,0.569275144090229
2021-02-06T00:00:00Z,0.569175850938929
2021-02-07T00:00:00Z,0.568649381852501
2021-02-08T00:00:00Z,0.568187829314618
2021-02-09T00:00:00Z,0.567851659528942
2021-02-10T00:00:00Z,0.567573181531444
2021-02-11T00:00:00Z,0.567289911107244
2021-02-12T00:00:00Z,0.567240320373374
2021-02-13T00:00:00Z,0.567129478526514
2021-02-14T00:00:00Z,0.566893655703709
2021-02-15T00:00:00Z,0.566648843881415
2021-02-16T00:00:00Z,0.566145878596776
2021-02-17T00:00:00Z,0.565659580277046
2021-02-18T00:00:00Z,0.565188303479816
2021-02-19T00:00:00Z,0.564673183830506
2021-02-20T00:00:00Z,0.563983132795272
2021-02-21T00:00:00Z,0.563461681891646
2021-02-22T00:00:00Z,0.564096117945841
2021-02-23T00:00:00Z,0.562963827440168
2021-02-24T00:00:00Z,0.561699483145383
2021-02-25T00:00:00Z,0.560894060455544
2021-02-26T00:00:00Z,0.560409394537805
2021-02-27T00:00:00Z,0.560317472960351
2021-02-28T00:00:00Z,0.560086898025201
2021-03-01T00:00:00Z,0.560048584081162
2021-03-02T00:00:00Z,0.559133299042761
2021-03-03T00:00:00Z,0.559268540846673
2021-03-04T00:00:00Z,0.559055089301355
2021-03-05T00:00:00Z,0.558333998997173
2021-03-06T00:00:00Z,0.558226195548804
2021-03-07T00:00:00Z,0.558125897461684
2021-03-08T00:00:00Z,0.557132542164269
2021-03-09T00:00:00Z,0.55703665629739
2021-03-10T00:00:00Z,0.556993272558949
2021-03-11T00:00:00Z,0.55635780410573
2021-03-12T00:00:00Z,0.556735151993676
2021-03-13T00:00:00Z,0.558616726855034
2021-03-14T00:00:00Z,0.558558950630775
2021-03-15T00:00:00Z,0.558669198237766
2021-03-16T00:00:00Z,0.558871106513957
2021-03-17T00:00:00Z,0.559650423394024
2021-03-18T00:00:00Z,0.559696183252094
2021-03-19T00:00:00Z,0.560068250421869
2021-03-20T00:00:00Z,0.560050312010843
2021-03-21T00:00:00Z,0.560025319136505
2021-03-22T00:00:00Z,0.559574968790059
2021-03-23T00:00:00Z,0.558885612737816
2021-03-24T00:00:00Z,0.558770095717718
2021-03-25T00:00:00Z,0.557966633790631
2021-03-26T00:00:00Z,0.557723004475987
2021-03-27T00:00:00Z,0.557940448716671
2021-03-28T00:00:00Z,0.557711995667672
2021-03-29T00:00:00Z,0.557612321038243
2021-03-30T00:00:00Z,0.557502368470316
2021-03-31T00:00:00Z,0.557075721615542
2021-04-01T00:00:00Z,0.555822408886152
2021-04-02T00:00:00Z,0.555434727698919
2021-04-03T00:00:00Z,0.555455364195539
2021-04-04T00:00:00Z,0.555326778521422
2021-04-05T00:00:00Z,0.555177702894353
2021-04-06T00:00:00Z,0.554589922490633
2021-04-07T00:00:00Z,0.554647261426261
2021-04-08T00:00:00Z,0.55464574648714
2021-04-09T00:00:00Z,0.5551488182765
2021-04-10T00:00:00Z,0.555057539513709
2021-04-11T00:00:00Z,0.554266932548156
2021-04-12T00:00:00Z,0.553560909512471
2021-04-13T00:00:00Z,0.553454032177234
2021-04-14T00:00:00Z,0.552759732033399
2021-04-15T00:00:00Z,0.551943550540085
2021-04-16T00:00:00Z,0.552030053305316
2021-04-17T00:00:00Z,0.551916305282416
2021-04-18T00:00:00Z,0.551667038283354
2021-04-19T00:00:00Z,0.551666991936432
2021-04-20T00:00:00Z,0.551169482642559
2021-04-21T00:00:00Z,0.551027807214353
2021-04-22T00:00:00Z,0.551003283686939
2021-04-23T00:00:00Z,0.550725939050186
2021-04-24T00:00:00Z,0.550301984647578
2021-04-25T00:00:00Z,0.549912576887354
2021-04-26T00:00:00Z,0.549542484544491
2021-04-27T00:00:00Z,0.548761304909375
2021-04-28T00:00:00Z,0.548728290499725
2021-04-29T00:00:00Z,0.548293190159238
2021-04-30T00:00:00Z,0.548175947752402
2021-05-01T00:00:00Z,0.548390505737557
2021-05-02T00:00:00Z,0.548110114317836
2021-05-03T00:00:00Z,0.547920034612331
2021-05-04T00:00:00Z,0.547668452450852
2021-05-05T00:00:00Z,0.547520971134051
2021-05-06T00:00:00Z,0.547680258269594
2021-05-07T00:00:00Z,0.547235946278247
2021-05-08T00:00:00Z,0.548028538811866
2021-05-09T00:00:00Z,0.547826289355924
2021-05-10T00:00:00Z,0.548098303151908
2021-05-11T00:00:00Z,0.548249751662504
2021-05-12T00:00:00Z,0.547598424860221
2021-05-13T00:00:00Z,0.547014070246047
2021-05-14T00:00:00Z,0.546917237448941
2021-05-15T00:00:00Z,0.546844655175318
2021-05-16T00:00:00Z,0.54668669136723
2021-05-17T00:00:00Z,0.546486381078213
2021-05-18T00:00:00Z,0.546472850021503
2021-05-19T00:00:00Z,0.545391102439226
2021-05-20T00:00:00Z,0.545365956214276
2021-05-21T00:00:00Z,0.544788457322915
2021-05-22T00:00:00Z,0.544751413437718
2021-05-23T00:00:00Z,0.543973423142889
2021-05-24T00:00:00Z,0.542991650856358
2021-05-25T00:00:00Z,0.542894674466355
2021-05-26T00:00:00Z,0.542841016528579
2021-05-27T00:00:00Z,0.542853205979652
2021-05-28T00:00:00Z,0.542781298101578
2021-05-29T00:00:00Z,0.542749496599057
2021-05-30T00:00:00Z,0.542085202905908
2021-05-31T00:00:00Z,0.542139153375594
2021-06-01T00:00:00Z,0.542112799558473
2021-06-02T00:00:00Z,0.542076642225968
2021-06-03T00:00:00Z,0.541464494648932
2021-06-04T00:00:00Z,0.541556650239555
2021-06-05T00:00:00Z,0.541748059815725
2021-06-06T00:00:00Z,0.541757171278482
2021-06-07T00:00:00Z,0.541450181188206
2021-06-08T00:00:00Z,0.541415526890201
2021-06-09T00:00:00Z,0.541386529400354
2021-06-10T00:00:00Z,0.541243172007849
2021-06-11T00:00:00Z,0.540917190538564
2021-06-12T00:00:00Z,0.540979961707864
2021-06-13T00:00:00Z,0.541028650650803
2021-06-14T00:00:00Z,0.540965660007425
2021-06-15T00:00:00Z,0.540950110810714
2021-06-16T00:00:00Z,0.54094340378736
2021-06-17T00:00:00Z,0.541009520604407
2021-06-18T00:00:00Z,0.541022257846226
2021-06-19T00:00:00Z,0.542983956201762
2021-06-20T00:00:00Z,0.542965436804251
2021-06-21T00:00:00Z,0.542740650598498
2021-06-22T00:00:00Z,0.542603917869799
2021-06-23T00:00:00Z,0.54262414909426
2021-06-24T00:00:00Z,0.542374198073692
2021-06-25T00:00:00Z,0.542059449285376
2021-06-26T00:00:00Z,0.542210218054587
2021-06-27T00:00:00Z,0.54204811963156
2021-06-28T00:00:00Z,0.542193685042041
2021-06-29T00:00:00Z,0.542234411355982
2021-06-30T00:00:00Z,0.542269846268552
2021-07-01T00:00:00Z,0.542214196354161
2021-07-02T00:00:00Z,0.542314057149925
2021-07-03T00:00:00Z,0.542364233119975
2021-07-04T00:00:00Z,0.542280886435659
2021-07-05T00:00:00Z,0.542255691555208
2021-07-06T00:00:00Z,0.542400474322219
2021-07-07T00:00:00Z,0.542217157689167
2021-07-08T00:00:00Z,0.542933342031223
2021-07-09T00:00:00Z,0.543001354565897
2021-07-10T00:00:00Z,0.543089271174682
2021-07-11T00:00:00Z,0.543061825273368
2021-07-12T00:00:00Z,0.54259120952707
2021-07-13T00:00:00Z,0.542966973994272
2021-07-14T00:00:00Z,0.543016802083655
2021-07-15T00:00:00Z,0.54333592816579
2021-07-16T00:00:00Z,0.543380032147272
2021-07-17T00:00:00Z,0.540788406724129
2021-07-18T00:00:00Z,0.540778365746874
2021-07-19T00:00:00Z,0.54080735393331
2021-07-20T00:00:00Z,0.5406493994951
2021-07-21T00:00:00Z,0.540740651704678
2021-07-22T00:00:00Z,0.541043305567518
2021-07-23T00:00:00Z,0.541120474771266
2021-07-24T00:00:00Z,0.541288227444373
2021-07-25T00:00:00Z,0.541383309880851
2021-07-26T00:00:00Z,0.541352780959779
2021-07-27T00:00:00Z,0.541551586782056
2021-07-28T00:00:00Z,0.540307631056962
2021-07-29T00:00:00Z,0.535031507324252
2021-07-30T00:00:00Z,0.535520187879391
2021-07-31T00:00:00Z,0.535883614660575
2021-08-01T00:00:00Z,0.536068695058502
2021-08-02T00:00:00Z,0.536121427860064
2021-08-03T00:00:00Z,0.536315777208147
2021-08-04T00:00:00Z,0.536417185044503
2021-08-05T00:00:00Z,0.536486387186034
2021-08-06T00:00:00Z,0.536704612306814
2021-08-07T00:00:00Z,0.53731514570082
2021-08-08T00:00:00Z,0.537489613018456
2021-08-09T00:00:00Z,0.537554301639719
2021-08-10T00:00:00Z,0.537748205544269
2021-08-11T00:00:00Z,0.537828535895274
2021-08-12T00:00:00Z,0.537888728252205
2021-08-13T00:00:00Z,0.538006957624985
2021-08-14T00:00:00Z,0.537741751876398
2021-08-15T00:00:00Z,0.538038277771341
2021-08-16T00:00:00Z,0.538335641271741
2021-08-17T00:00:00Z,0.538979305690763
2021-08-18T00:00:00Z,0.539001412066472
2021-08-19T00:00:00Z,0.539192576583477
2021-08-20T00:00:00Z,0.539474256245008
2021-08-21T00:00:00Z,0.539633730349393
2021-08-22T00:00:00Z,0.539474545379591
2021-08-23T00:00:00Z,0.539295674575629
2021-08-24T00:00:00Z,0.539428847255515
2021-08-25T00:00:00Z,0.538600210708003
2021-08-26T00:00:00Z,0.538747095972579
2021-08-27T00:00:00Z,0.538967799355347
2021-08-28T00:00:00Z,0.538926452936801
2021-08-29T00:00:00Z,0.53889603348393
2021-08-30T00:00:00Z,0.53913435780627
2021-08-31T00:00:00Z,0.539754718128344
2021-09-01T00:00:00Z,0.540176568100654
2021-09-02T00:00:00Z,0.540530189075095
2021-09-03T00:00:00Z,0.540646019263956
2021-09-04T00:00:00Z,0.541192726438702
2021-09-05T00:00:00Z,0.541257627986074
2021-09-06T00:00:00Z,0.541294657102274
2021-09-07T00:00:00Z,0.541302623163658
2021-09-08T00:00:00Z,0.541366343590261
2021-09-09T00:00:00Z,0.540851202998174
2021-09-10T00:00:00Z,0.540746873287143
2021-09-11T00:00:00Z,0.540708137438777
2021-09-12T00:00:00Z,0.540653676066752
2021-09-13T00:00:00Z,0.540767766802802
2021-09-14T00:00:00Z,0.541186783442777
2021-09-15T00:00:00Z,0.541016713634348
2021-09-16T00:00:00Z,0.540759667317679
2021-09-17T00:00:00Z,0.540860820881444
2021-09-18T00:00:00Z,0.54091156917566
2021-09-19T00:00:00Z,0.541125181321741
2021-09-20T00:00:00Z,0.541103544158161
2021-09-21T00:00:00Z,0.541259904371887
2021-09-22T00:00:00Z,0.541296077349985
2021-09-23T00:00:00Z,0.541413186838364
2021-09-24T00:00:00Z,0.541555199600827
2021-09-25T00:00:00Z,0.541846664654747
2021-09-26T00:00:00Z,0.53816680577232
2021-09-27T00:00:00Z,0.537924878800662
2021-09-28T00:00:00Z,0.538097256543763
2021-09-29T00:00:00Z,0.538974632090671
2021-09-30T00:00:00Z,0.538873700494924
2021-10-01T00:00:00Z,0.538973651686939
2021-10-02T00:00:00Z,0.539338735883923
2021-10-03T00:00:00Z,0.539315005446922
2021-10-04T00:00:00Z,0.539241694774171
2021-10-05T00:00:00Z,0.539314260054977
2021-10-06T00:00:00Z,0.539326436134231
2021-10-07T00:00:00Z,0.539324946643142
2021-10-08T00:00:00Z,0.539262449420721
2021-10-09T00:00:00Z,0.539701551668459
2021-10-10T00:00:00Z,0.539315976505745
2021-10-11T00:00:00Z,0.539238894143044
2021-10-12T00:00:00Z,0.538803063394639
2021-10-13T00:00:00Z,0.53880150551392
2021-10-14T00:00:00Z,0.538798889695586
2021-10-15T00:00:00Z,0.538654391414225
2021-10-16T00:00:00Z,0.538642319426743
2021-10-17T00:00:00Z,0.538699904621496
2021-10-18T00:00:00Z,0.538236316483182
